NUMERO COMMANDE;CODE MAGASIN;NOM  MAGASIN;DATE CREATION;DATE VALIDATION;DATE TRANSFERT;STATUT
37563;281;CASINO ANGRE       ;06/04/2026 13:16;06/04/2026 13:16;;VALIDEE
36201;376;CI SICOGI ANGRE;06/04/2026 13:15;;;SAISIE
37562;281;CASINO ANGRE       ;06/04/2026 13:12;06/04/2026 13:12;06/04/2026 13:16;TRANSMISE
37561;281;CASINO ANGRE       ;06/04/2026 13:11;06/04/2026 13:11;06/04/2026 13:12;TRANSMISE
291995;302;S2P LATRILLE ;06/04/2026 13:06;06/04/2026 13:06;06/04/2026 13:08;TRANSMISE
39342;353;C.I. PROSUMA ANGRE 8T             ;06/04/2026 13:05;;;SAISIE
12534;414;CIV U PORT-BOUET (P);06/04/2026 13:05;06/04/2026 13:06;06/04/2026 13:08;TRANSMISE
291994;302;S2P LATRILLE ;06/04/2026 13:04;06/04/2026 13:04;06/04/2026 13:08;TRANSMISE
291993;302;S2P LATRILLE ;06/04/2026 13:03;06/04/2026 13:03;06/04/2026 13:04;TRANSMISE
10440;308;S2P SOCOCE ABOBO;06/04/2026 13:00;06/04/2026 13:00;06/04/2026 13:04;TRANSMISE
291992;302;S2P LATRILLE ;06/04/2026 12:59;06/04/2026 12:59;06/04/2026 13:00;TRANSMISE
10439;308;S2P SOCOCE ABOBO;06/04/2026 12:58;06/04/2026 12:58;06/04/2026 13:00;TRANSMISE
271736;100;CASINO II PLATEAUX               ;06/04/2026 12:58;06/04/2026 12:58;06/04/2026 13:00;TRANSMISE
10438;308;S2P SOCOCE ABOBO;06/04/2026 12:58;06/04/2026 12:58;06/04/2026 13:00;TRANSMISE
37560;281;CASINO ANGRE       ;06/04/2026 12:51;06/04/2026 12:51;06/04/2026 12:52;TRANSMISE
37559;281;CASINO ANGRE       ;06/04/2026 12:46;06/04/2026 12:46;06/04/2026 12:48;TRANSMISE
291989;302;S2P LATRILLE ;06/04/2026 12:45;06/04/2026 12:45;06/04/2026 12:48;TRANSMISE
291985;302;S2P LATRILLE ;06/04/2026 12:42;06/04/2026 12:42;06/04/2026 12:44;TRANSMISE
201994;235;SUPER U DJIBI;06/04/2026 12:36;06/04/2026 12:37;06/04/2026 12:40;TRANSMISE
291979;302;S2P LATRILLE ;06/04/2026 12:34;06/04/2026 12:34;06/04/2026 12:36;TRANSMISE
291974;302;S2P LATRILLE ;06/04/2026 12:30;06/04/2026 12:30;06/04/2026 12:32;TRANSMISE
271732;100;CASINO II PLATEAUX               ;06/04/2026 12:30;06/04/2026 12:30;06/04/2026 12:32;TRANSMISE
22843;303;S2P SOCOCE BOUAKE               ;06/04/2026 12:30;06/04/2026 12:30;06/04/2026 12:32;TRANSMISE
271731;100;CASINO II PLATEAUX               ;06/04/2026 12:28;06/04/2026 12:28;06/04/2026 12:32;TRANSMISE
291972;302;S2P LATRILLE ;06/04/2026 12:28;06/04/2026 12:28;06/04/2026 12:32;TRANSMISE
201993;235;SUPER U DJIBI;06/04/2026 12:28;06/04/2026 12:28;06/04/2026 12:32;TRANSMISE
333882;035;HYPER HAYAT;06/04/2026 12:27;06/04/2026 12:27;06/04/2026 12:28;TRANSMISE
291970;302;S2P LATRILLE ;06/04/2026 12:26;06/04/2026 12:26;06/04/2026 12:28;TRANSMISE
271730;100;CASINO II PLATEAUX               ;06/04/2026 12:25;06/04/2026 12:26;06/04/2026 12:28;TRANSMISE
22842;303;S2P SOCOCE BOUAKE               ;06/04/2026 12:25;06/04/2026 12:26;06/04/2026 12:28;TRANSMISE
66600;293;CASINO AMB CHINE;06/04/2026 12:25;06/04/2026 12:25;06/04/2026 12:28;TRANSMISE
271729;100;CASINO II PLATEAUX               ;06/04/2026 12:24;06/04/2026 12:24;06/04/2026 12:28;TRANSMISE
201992;235;SUPER U DJIBI;06/04/2026 12:24;06/04/2026 12:24;06/04/2026 12:28;TRANSMISE
22841;303;S2P SOCOCE BOUAKE               ;06/04/2026 12:22;06/04/2026 12:23;06/04/2026 12:24;TRANSMISE
201991;235;SUPER U DJIBI;06/04/2026 12:19;06/04/2026 12:20;06/04/2026 12:24;TRANSMISE
22840;303;S2P SOCOCE BOUAKE               ;06/04/2026 12:18;06/04/2026 12:20;06/04/2026 12:24;TRANSMISE
291965;302;S2P LATRILLE ;06/04/2026 12:16;06/04/2026 12:16;06/04/2026 12:20;TRANSMISE
271726;100;CASINO II PLATEAUX               ;06/04/2026 12:16;06/04/2026 12:16;06/04/2026 12:20;TRANSMISE
291964;302;S2P LATRILLE ;06/04/2026 12:16;06/04/2026 12:16;06/04/2026 12:20;TRANSMISE
66599;293;CASINO AMB CHINE;06/04/2026 12:15;06/04/2026 12:15;06/04/2026 12:16;TRANSMISE
296454;295;CASINO ALLABRA;06/04/2026 12:15;06/04/2026 12:15;06/04/2026 12:16;TRANSMISE
291963;302;S2P LATRILLE ;06/04/2026 12:15;06/04/2026 12:15;06/04/2026 12:16;TRANSMISE
271725;100;CASINO II PLATEAUX               ;06/04/2026 12:15;06/04/2026 12:15;06/04/2026 12:16;TRANSMISE
291962;302;S2P LATRILLE ;06/04/2026 12:14;06/04/2026 12:14;06/04/2026 12:16;TRANSMISE
296453;295;CASINO ALLABRA;06/04/2026 12:14;06/04/2026 12:14;06/04/2026 12:16;TRANSMISE
291960;302;S2P LATRILLE ;06/04/2026 12:12;06/04/2026 12:12;06/04/2026 12:12;TRANSMISE
291959;302;S2P LATRILLE ;06/04/2026 12:11;06/04/2026 12:11;06/04/2026 12:12;TRANSMISE
271724;100;CASINO II PLATEAUX               ;06/04/2026 12:11;06/04/2026 12:11;06/04/2026 12:12;TRANSMISE
291957;302;S2P LATRILLE ;06/04/2026 12:09;06/04/2026 12:10;06/04/2026 12:12;TRANSMISE
201989;235;SUPER U DJIBI;06/04/2026 12:08;06/04/2026 12:08;06/04/2026 12:12;TRANSMISE
291956;302;S2P LATRILLE ;06/04/2026 12:08;06/04/2026 12:08;06/04/2026 12:12;TRANSMISE
296452;295;CASINO ALLABRA;06/04/2026 12:07;06/04/2026 12:07;06/04/2026 12:08;TRANSMISE
296451;295;CASINO ALLABRA;06/04/2026 12:07;06/04/2026 12:07;06/04/2026 12:08;TRANSMISE
296450;295;CASINO ALLABRA;06/04/2026 12:06;06/04/2026 12:06;06/04/2026 12:08;TRANSMISE
296449;295;CASINO ALLABRA;06/04/2026 12:05;06/04/2026 12:05;06/04/2026 12:08;TRANSMISE
291953;302;S2P LATRILLE ;06/04/2026 12:04;06/04/2026 12:04;06/04/2026 12:08;TRANSMISE
129602;291;CASINO MDANGA;06/04/2026 12:03;06/04/2026 12:03;06/04/2026 12:04;TRANSMISE
201987;235;SUPER U DJIBI;06/04/2026 12:01;06/04/2026 12:01;06/04/2026 12:04;TRANSMISE
291951;302;S2P LATRILLE ;06/04/2026 12:00;06/04/2026 12:00;06/04/2026 12:04;TRANSMISE
201986;235;SUPER U DJIBI;06/04/2026 12:00;06/04/2026 12:00;06/04/2026 12:04;TRANSMISE
291950;302;S2P LATRILLE ;06/04/2026 11:59;06/04/2026 11:59;06/04/2026 12:00;TRANSMISE
271723;100;CASINO II PLATEAUX               ;06/04/2026 11:59;06/04/2026 11:59;06/04/2026 12:00;TRANSMISE
291949;302;S2P LATRILLE ;06/04/2026 11:58;06/04/2026 11:58;06/04/2026 12:00;TRANSMISE
103932;301;S2P SOCOCE ZONE 3               ;06/04/2026 11:58;06/04/2026 11:58;06/04/2026 12:00;TRANSMISE
103931;301;S2P SOCOCE ZONE 3               ;06/04/2026 11:57;06/04/2026 11:57;06/04/2026 12:00;TRANSMISE
271722;100;CASINO II PLATEAUX               ;06/04/2026 11:56;06/04/2026 11:56;06/04/2026 12:00;TRANSMISE
271720;100;CASINO II PLATEAUX               ;06/04/2026 11:54;06/04/2026 11:54;06/04/2026 11:56;TRANSMISE
203960;120;CASINO MAND GOLF;06/04/2026 11:54;06/04/2026 11:54;06/04/2026 11:56;TRANSMISE
201983;235;SUPER U DJIBI;06/04/2026 11:53;06/04/2026 11:53;06/04/2026 11:56;TRANSMISE
291945;302;S2P LATRILLE ;06/04/2026 11:52;06/04/2026 11:53;06/04/2026 11:56;TRANSMISE
201982;235;SUPER U DJIBI;06/04/2026 11:51;06/04/2026 11:51;06/04/2026 11:52;TRANSMISE
271718;100;CASINO II PLATEAUX               ;06/04/2026 11:50;06/04/2026 11:50;06/04/2026 11:52;TRANSMISE
201981;235;SUPER U DJIBI;06/04/2026 11:50;06/04/2026 11:50;06/04/2026 11:52;TRANSMISE
201980;235;SUPER U DJIBI;06/04/2026 11:50;06/04/2026 11:50;06/04/2026 11:52;TRANSMISE
271717;100;CASINO II PLATEAUX               ;06/04/2026 11:49;06/04/2026 11:49;06/04/2026 11:52;TRANSMISE
333866;035;HYPER HAYAT;06/04/2026 11:49;06/04/2026 11:49;06/04/2026 11:52;TRANSMISE
41731;372;CIV U MAROC;06/04/2026 11:48;06/04/2026 11:49;06/04/2026 11:52;TRANSMISE
201979;235;SUPER U DJIBI;06/04/2026 11:48;06/04/2026 11:48;06/04/2026 11:52;TRANSMISE
271715;100;CASINO II PLATEAUX               ;06/04/2026 11:47;06/04/2026 11:47;06/04/2026 11:48;TRANSMISE
201978;235;SUPER U DJIBI;06/04/2026 11:40;06/04/2026 11:40;06/04/2026 11:44;TRANSMISE
201977;235;SUPER U DJIBI;06/04/2026 11:38;06/04/2026 11:38;06/04/2026 11:40;TRANSMISE
291938;302;S2P LATRILLE ;06/04/2026 11:33;06/04/2026 11:35;06/04/2026 11:36;TRANSMISE
333865;035;HYPER HAYAT;06/04/2026 11:30;06/04/2026 11:30;06/04/2026 11:32;TRANSMISE
201976;235;SUPER U DJIBI;06/04/2026 11:29;06/04/2026 11:29;06/04/2026 11:32;TRANSMISE
201975;235;SUPER U DJIBI;06/04/2026 11:29;06/04/2026 11:29;06/04/2026 11:32;TRANSMISE
271709;100;CASINO II PLATEAUX               ;06/04/2026 11:27;06/04/2026 11:27;06/04/2026 11:28;TRANSMISE
201974;235;SUPER U DJIBI;06/04/2026 11:26;06/04/2026 11:27;06/04/2026 11:28;TRANSMISE
5607;309;S2P SUPERETTE BOUAKE;06/04/2026 11:25;06/04/2026 11:25;06/04/2026 11:28;TRANSMISE
333864;035;HYPER HAYAT;06/04/2026 11:22;06/04/2026 11:22;06/04/2026 11:24;TRANSMISE
201973;235;SUPER U DJIBI;06/04/2026 11:21;06/04/2026 11:21;06/04/2026 11:24;TRANSMISE
41730;372;CIV U MAROC;06/04/2026 11:21;;;SAISIE
271708;100;CASINO II PLATEAUX               ;06/04/2026 11:21;06/04/2026 11:21;06/04/2026 11:24;TRANSMISE
271707;100;CASINO II PLATEAUX               ;06/04/2026 11:21;06/04/2026 11:21;06/04/2026 11:24;TRANSMISE
291937;302;S2P LATRILLE ;06/04/2026 11:21;06/04/2026 11:21;06/04/2026 11:24;TRANSMISE
271706;100;CASINO II PLATEAUX               ;06/04/2026 11:20;06/04/2026 11:20;06/04/2026 11:24;TRANSMISE
201972;235;SUPER U DJIBI;06/04/2026 11:20;06/04/2026 11:20;06/04/2026 11:24;TRANSMISE
271705;100;CASINO II PLATEAUX               ;06/04/2026 11:19;06/04/2026 11:19;06/04/2026 11:20;TRANSMISE
201971;235;SUPER U DJIBI;06/04/2026 11:19;06/04/2026 11:19;06/04/2026 11:20;TRANSMISE
271704;100;CASINO II PLATEAUX               ;06/04/2026 11:19;06/04/2026 11:19;06/04/2026 11:20;TRANSMISE
201970;235;SUPER U DJIBI;06/04/2026 11:18;06/04/2026 11:18;06/04/2026 11:20;TRANSMISE
291936;302;S2P LATRILLE ;06/04/2026 11:17;06/04/2026 11:17;06/04/2026 11:20;TRANSMISE
201969;235;SUPER U DJIBI;06/04/2026 11:17;06/04/2026 11:17;06/04/2026 11:20;TRANSMISE
271703;100;CASINO II PLATEAUX               ;06/04/2026 11:15;06/04/2026 11:15;06/04/2026 11:16;TRANSMISE
201968;235;SUPER U DJIBI;06/04/2026 11:15;06/04/2026 11:15;06/04/2026 11:16;TRANSMISE
333863;035;HYPER HAYAT;06/04/2026 11:14;06/04/2026 11:14;06/04/2026 11:16;TRANSMISE
9697;413;CIV AGOUTI (P);06/04/2026 11:13;06/04/2026 11:13;06/04/2026 11:16;TRANSMISE
196005;220;SUPER U PLATEAU          ;06/04/2026 11:13;06/04/2026 11:13;06/04/2026 11:16;TRANSMISE
333862;035;HYPER HAYAT;06/04/2026 11:10;06/04/2026 11:10;06/04/2026 11:12;TRANSMISE
201965;235;SUPER U DJIBI;06/04/2026 11:08;06/04/2026 11:09;06/04/2026 11:12;TRANSMISE
157954;290;CASINO MBIETRY;06/04/2026 11:08;06/04/2026 11:08;06/04/2026 11:12;TRANSMISE
201964;235;SUPER U DJIBI;06/04/2026 11:07;06/04/2026 11:08;06/04/2026 11:08;TRANSMISE
291935;302;S2P LATRILLE ;06/04/2026 11:07;06/04/2026 11:07;06/04/2026 11:08;TRANSMISE
296407;295;CASINO ALLABRA;06/04/2026 11:07;06/04/2026 11:07;06/04/2026 11:08;TRANSMISE
291934;302;S2P LATRILLE ;06/04/2026 11:06;06/04/2026 11:06;06/04/2026 11:08;TRANSMISE
271702;100;CASINO II PLATEAUX               ;06/04/2026 11:06;06/04/2026 11:06;06/04/2026 11:08;TRANSMISE
271701;100;CASINO II PLATEAUX               ;06/04/2026 11:05;06/04/2026 11:06;06/04/2026 11:08;TRANSMISE
271699;100;CASINO II PLATEAUX               ;06/04/2026 11:04;06/04/2026 11:04;06/04/2026 11:08;TRANSMISE
291933;302;S2P LATRILLE ;06/04/2026 11:03;06/04/2026 11:03;06/04/2026 11:04;TRANSMISE
103930;301;S2P SOCOCE ZONE 3               ;06/04/2026 11:02;06/04/2026 11:02;06/04/2026 11:04;TRANSMISE
296406;295;CASINO ALLABRA;06/04/2026 11:00;06/04/2026 11:01;06/04/2026 11:04;TRANSMISE
296405;295;CASINO ALLABRA;06/04/2026 11:00;06/04/2026 11:00;06/04/2026 11:04;TRANSMISE
103928;301;S2P SOCOCE ZONE 3               ;06/04/2026 11:00;06/04/2026 11:00;06/04/2026 11:04;TRANSMISE
296404;295;CASINO ALLABRA;06/04/2026 11:00;06/04/2026 11:00;06/04/2026 11:04;TRANSMISE
271698;100;CASINO II PLATEAUX               ;06/04/2026 10:59;06/04/2026 10:59;06/04/2026 11:00;TRANSMISE
296403;295;CASINO ALLABRA;06/04/2026 10:59;06/04/2026 10:59;06/04/2026 11:00;TRANSMISE
296402;295;CASINO ALLABRA;06/04/2026 10:58;06/04/2026 10:58;06/04/2026 11:00;TRANSMISE
103927;301;S2P SOCOCE ZONE 3               ;06/04/2026 10:58;06/04/2026 10:58;06/04/2026 11:00;TRANSMISE
201963;235;SUPER U DJIBI;06/04/2026 10:57;06/04/2026 10:57;06/04/2026 11:00;TRANSMISE
201962;235;SUPER U DJIBI;06/04/2026 10:57;06/04/2026 10:57;06/04/2026 11:00;TRANSMISE
296401;295;CASINO ALLABRA;06/04/2026 10:56;06/04/2026 10:56;06/04/2026 11:00;TRANSMISE
196004;220;SUPER U PLATEAU          ;06/04/2026 10:56;06/04/2026 10:56;06/04/2026 11:00;TRANSMISE
201961;235;SUPER U DJIBI;06/04/2026 10:56;06/04/2026 10:56;06/04/2026 11:00;TRANSMISE
201960;235;SUPER U DJIBI;06/04/2026 10:55;06/04/2026 10:55;06/04/2026 10:56;TRANSMISE
201959;235;SUPER U DJIBI;06/04/2026 10:54;06/04/2026 10:54;06/04/2026 10:56;TRANSMISE
296400;295;CASINO ALLABRA;06/04/2026 10:54;06/04/2026 10:54;06/04/2026 10:56;TRANSMISE
333861;035;HYPER HAYAT;06/04/2026 10:54;06/04/2026 10:54;06/04/2026 10:56;TRANSMISE
201958;235;SUPER U DJIBI;06/04/2026 10:53;06/04/2026 10:53;06/04/2026 10:56;TRANSMISE
296399;295;CASINO ALLABRA;06/04/2026 10:51;06/04/2026 10:51;06/04/2026 10:52;TRANSMISE
271696;100;CASINO II PLATEAUX               ;06/04/2026 10:51;06/04/2026 10:51;06/04/2026 10:52;TRANSMISE
296398;295;CASINO ALLABRA;06/04/2026 10:51;06/04/2026 10:51;06/04/2026 10:52;TRANSMISE
296397;295;CASINO ALLABRA;06/04/2026 10:50;06/04/2026 10:51;06/04/2026 10:52;TRANSMISE
271694;100;CASINO II PLATEAUX               ;06/04/2026 10:49;06/04/2026 10:49;06/04/2026 10:52;TRANSMISE
203957;120;CASINO MAND GOLF;06/04/2026 10:49;06/04/2026 10:49;06/04/2026 10:52;TRANSMISE
203956;120;CASINO MAND GOLF;06/04/2026 10:48;06/04/2026 10:48;06/04/2026 10:52;TRANSMISE
203955;120;CASINO MAND GOLF;06/04/2026 10:47;06/04/2026 10:48;06/04/2026 10:52;TRANSMISE
271693;100;CASINO II PLATEAUX               ;06/04/2026 10:47;06/04/2026 10:47;06/04/2026 10:48;TRANSMISE
203954;120;CASINO MAND GOLF;06/04/2026 10:47;06/04/2026 10:47;06/04/2026 10:48;TRANSMISE
333860;035;HYPER HAYAT;06/04/2026 10:47;06/04/2026 10:47;06/04/2026 10:48;TRANSMISE
203953;120;CASINO MAND GOLF;06/04/2026 10:47;06/04/2026 10:47;06/04/2026 10:48;TRANSMISE
296396;295;CASINO ALLABRA;06/04/2026 10:46;06/04/2026 10:46;06/04/2026 10:48;TRANSMISE
203952;120;CASINO MAND GOLF;06/04/2026 10:46;06/04/2026 10:46;06/04/2026 10:48;TRANSMISE
203951;120;CASINO MAND GOLF;06/04/2026 10:45;06/04/2026 10:45;06/04/2026 10:48;TRANSMISE
203950;120;CASINO MAND GOLF;06/04/2026 10:45;06/04/2026 10:45;06/04/2026 10:48;TRANSMISE
203949;120;CASINO MAND GOLF;06/04/2026 10:43;06/04/2026 10:43;06/04/2026 10:44;TRANSMISE
271691;100;CASINO II PLATEAUX               ;06/04/2026 10:43;06/04/2026 10:43;06/04/2026 10:44;TRANSMISE
203948;120;CASINO MAND GOLF;06/04/2026 10:43;06/04/2026 10:43;06/04/2026 10:44;TRANSMISE
203947;120;CASINO MAND GOLF;06/04/2026 10:43;;;SAISIE
296395;295;CASINO ALLABRA;06/04/2026 10:42;06/04/2026 10:42;06/04/2026 10:44;TRANSMISE
201957;235;SUPER U DJIBI;06/04/2026 10:41;06/04/2026 10:41;06/04/2026 10:44;TRANSMISE
203946;120;CASINO MAND GOLF;06/04/2026 10:41;06/04/2026 10:41;06/04/2026 10:44;TRANSMISE
203945;120;CASINO MAND GOLF;06/04/2026 10:41;06/04/2026 10:41;06/04/2026 10:44;TRANSMISE
271689;100;CASINO II PLATEAUX               ;06/04/2026 10:40;06/04/2026 10:40;06/04/2026 10:44;TRANSMISE
201956;235;SUPER U DJIBI;06/04/2026 10:40;06/04/2026 10:40;06/04/2026 10:44;TRANSMISE
9696;413;CIV AGOUTI (P);06/04/2026 10:40;06/04/2026 10:40;06/04/2026 10:44;TRANSMISE
203944;120;CASINO MAND GOLF;06/04/2026 10:39;06/04/2026 10:40;06/04/2026 10:40;TRANSMISE
271688;100;CASINO II PLATEAUX               ;06/04/2026 10:39;06/04/2026 10:39;06/04/2026 10:40;TRANSMISE
203943;120;CASINO MAND GOLF;06/04/2026 10:39;;;SAISIE
296394;295;CASINO ALLABRA;06/04/2026 10:38;06/04/2026 10:38;06/04/2026 10:40;TRANSMISE
296393;295;CASINO ALLABRA;06/04/2026 10:37;06/04/2026 10:37;06/04/2026 10:40;TRANSMISE
296392;295;CASINO ALLABRA;06/04/2026 10:37;06/04/2026 10:37;06/04/2026 10:40;TRANSMISE
28199;312;SOCOCE RIVIERA;06/04/2026 10:37;06/04/2026 10:43;06/04/2026 10:44;TRANSMISE
203942;120;CASINO MAND GOLF;06/04/2026 10:36;06/04/2026 10:36;06/04/2026 10:40;TRANSMISE
201955;235;SUPER U DJIBI;06/04/2026 10:35;06/04/2026 10:35;06/04/2026 10:36;TRANSMISE
271687;100;CASINO II PLATEAUX               ;06/04/2026 10:35;06/04/2026 10:35;06/04/2026 10:36;TRANSMISE
196003;220;SUPER U PLATEAU          ;06/04/2026 10:34;06/04/2026 10:34;06/04/2026 10:36;TRANSMISE
271686;100;CASINO II PLATEAUX               ;06/04/2026 10:34;06/04/2026 10:34;06/04/2026 10:36;TRANSMISE
201954;235;SUPER U DJIBI;06/04/2026 10:34;06/04/2026 10:34;06/04/2026 10:36;TRANSMISE
291931;302;S2P LATRILLE ;06/04/2026 10:34;06/04/2026 10:34;06/04/2026 10:36;TRANSMISE
203941;120;CASINO MAND GOLF;06/04/2026 10:33;06/04/2026 10:33;06/04/2026 10:36;TRANSMISE
201953;235;SUPER U DJIBI;06/04/2026 10:33;06/04/2026 10:33;06/04/2026 10:36;TRANSMISE
291930;302;S2P LATRILLE ;06/04/2026 10:32;06/04/2026 10:32;06/04/2026 10:36;TRANSMISE
296391;295;CASINO ALLABRA;06/04/2026 10:32;06/04/2026 10:32;06/04/2026 10:36;TRANSMISE
333838;035;HYPER HAYAT;06/04/2026 10:31;06/04/2026 10:31;06/04/2026 10:32;TRANSMISE
201952;235;SUPER U DJIBI;06/04/2026 10:31;06/04/2026 10:31;06/04/2026 10:32;TRANSMISE
203940;120;CASINO MAND GOLF;06/04/2026 10:30;06/04/2026 10:30;06/04/2026 10:32;TRANSMISE
203939;120;CASINO MAND GOLF;06/04/2026 10:29;06/04/2026 10:29;06/04/2026 10:32;TRANSMISE
9695;413;CIV AGOUTI (P);06/04/2026 10:29;06/04/2026 10:29;06/04/2026 10:32;TRANSMISE
196002;220;SUPER U PLATEAU          ;06/04/2026 10:28;06/04/2026 10:29;06/04/2026 10:32;TRANSMISE
203938;120;CASINO MAND GOLF;06/04/2026 10:26;06/04/2026 10:26;06/04/2026 10:28;TRANSMISE
203937;120;CASINO MAND GOLF;06/04/2026 10:25;06/04/2026 10:25;06/04/2026 10:28;TRANSMISE
291929;302;S2P LATRILLE ;06/04/2026 10:25;06/04/2026 10:25;06/04/2026 10:28;TRANSMISE
103925;301;S2P SOCOCE ZONE 3               ;06/04/2026 10:25;06/04/2026 10:25;06/04/2026 10:28;TRANSMISE
296388;295;CASINO ALLABRA;06/04/2026 10:25;06/04/2026 10:25;06/04/2026 10:28;TRANSMISE
203936;120;CASINO MAND GOLF;06/04/2026 10:24;06/04/2026 10:25;06/04/2026 10:28;TRANSMISE
203935;120;CASINO MAND GOLF;06/04/2026 10:24;06/04/2026 10:25;06/04/2026 10:28;TRANSMISE
296387;295;CASINO ALLABRA;06/04/2026 10:24;06/04/2026 10:24;06/04/2026 10:28;TRANSMISE
296386;295;CASINO ALLABRA;06/04/2026 10:24;06/04/2026 10:24;06/04/2026 10:28;TRANSMISE
203934;120;CASINO MAND GOLF;06/04/2026 10:24;06/04/2026 10:24;06/04/2026 10:28;TRANSMISE
28198;312;SOCOCE RIVIERA;06/04/2026 10:23;06/04/2026 10:41;06/04/2026 10:44;TRANSMISE
296385;295;CASINO ALLABRA;06/04/2026 10:23;06/04/2026 10:23;06/04/2026 10:24;TRANSMISE
271676;100;CASINO II PLATEAUX               ;06/04/2026 10:23;06/04/2026 10:23;06/04/2026 10:24;TRANSMISE
203933;120;CASINO MAND GOLF;06/04/2026 10:23;06/04/2026 10:23;06/04/2026 10:24;TRANSMISE
291928;302;S2P LATRILLE ;06/04/2026 10:23;06/04/2026 10:23;06/04/2026 10:24;TRANSMISE
203932;120;CASINO MAND GOLF;06/04/2026 10:23;06/04/2026 10:23;06/04/2026 10:24;TRANSMISE
296384;295;CASINO ALLABRA;06/04/2026 10:22;06/04/2026 10:22;06/04/2026 10:24;TRANSMISE
291927;302;S2P LATRILLE ;06/04/2026 10:22;06/04/2026 10:22;06/04/2026 10:24;TRANSMISE
16715;371;CIV YOP ANANERAIE (P);06/04/2026 10:22;06/04/2026 10:22;06/04/2026 10:24;TRANSMISE
201951;235;SUPER U DJIBI;06/04/2026 10:21;06/04/2026 10:21;06/04/2026 10:24;TRANSMISE
291926;302;S2P LATRILLE ;06/04/2026 10:20;06/04/2026 10:21;06/04/2026 10:24;TRANSMISE
201950;235;SUPER U DJIBI;06/04/2026 10:20;06/04/2026 10:20;06/04/2026 10:24;TRANSMISE
203931;120;CASINO MAND GOLF;06/04/2026 10:20;06/04/2026 10:20;06/04/2026 10:24;TRANSMISE
203930;120;CASINO MAND GOLF;06/04/2026 10:20;06/04/2026 10:20;06/04/2026 10:24;TRANSMISE
203929;120;CASINO MAND GOLF;06/04/2026 10:19;06/04/2026 10:19;06/04/2026 10:20;TRANSMISE
296383;295;CASINO ALLABRA;06/04/2026 10:19;06/04/2026 10:19;06/04/2026 10:20;TRANSMISE
203928;120;CASINO MAND GOLF;06/04/2026 10:19;06/04/2026 10:19;06/04/2026 10:20;TRANSMISE
103924;301;S2P SOCOCE ZONE 3               ;06/04/2026 10:18;06/04/2026 10:18;06/04/2026 10:20;TRANSMISE
10437;308;S2P SOCOCE ABOBO;06/04/2026 10:18;06/04/2026 10:18;06/04/2026 10:20;TRANSMISE
203927;120;CASINO MAND GOLF;06/04/2026 10:17;06/04/2026 10:18;06/04/2026 10:20;TRANSMISE
296382;295;CASINO ALLABRA;06/04/2026 10:17;06/04/2026 10:17;06/04/2026 10:20;TRANSMISE
203926;120;CASINO MAND GOLF;06/04/2026 10:16;06/04/2026 10:16;06/04/2026 10:20;TRANSMISE
203925;120;CASINO MAND GOLF;06/04/2026 10:15;06/04/2026 10:15;06/04/2026 10:16;TRANSMISE
203924;120;CASINO MAND GOLF;06/04/2026 10:15;06/04/2026 10:15;06/04/2026 10:16;TRANSMISE
296381;295;CASINO ALLABRA;06/04/2026 10:14;06/04/2026 10:14;06/04/2026 10:16;TRANSMISE
296380;295;CASINO ALLABRA;06/04/2026 10:14;06/04/2026 10:14;06/04/2026 10:16;TRANSMISE
203923;120;CASINO MAND GOLF;06/04/2026 10:13;06/04/2026 10:13;06/04/2026 10:16;TRANSMISE
296378;295;CASINO ALLABRA;06/04/2026 10:13;06/04/2026 10:13;06/04/2026 10:16;TRANSMISE
201948;235;SUPER U DJIBI;06/04/2026 10:12;06/04/2026 10:13;06/04/2026 10:16;TRANSMISE
203922;120;CASINO MAND GOLF;06/04/2026 10:12;06/04/2026 10:12;06/04/2026 10:16;TRANSMISE
203921;120;CASINO MAND GOLF;06/04/2026 10:12;06/04/2026 10:12;06/04/2026 10:16;TRANSMISE
203920;120;CASINO MAND GOLF;06/04/2026 10:11;06/04/2026 10:11;06/04/2026 10:12;TRANSMISE
66595;293;CASINO AMB CHINE;06/04/2026 10:10;06/04/2026 10:11;06/04/2026 10:12;TRANSMISE
203919;120;CASINO MAND GOLF;06/04/2026 10:10;06/04/2026 10:10;06/04/2026 10:12;TRANSMISE
291925;302;S2P LATRILLE ;06/04/2026 10:10;06/04/2026 10:10;06/04/2026 10:12;TRANSMISE
271673;100;CASINO II PLATEAUX               ;06/04/2026 10:09;06/04/2026 10:10;06/04/2026 10:12;TRANSMISE
296374;295;CASINO ALLABRA;06/04/2026 10:09;06/04/2026 10:09;06/04/2026 10:12;TRANSMISE
203918;120;CASINO MAND GOLF;06/04/2026 10:09;06/04/2026 10:09;06/04/2026 10:12;TRANSMISE
291924;302;S2P LATRILLE ;06/04/2026 10:09;06/04/2026 10:09;06/04/2026 10:12;TRANSMISE
66594;293;CASINO AMB CHINE;06/04/2026 10:08;06/04/2026 10:09;06/04/2026 10:12;TRANSMISE
296373;295;CASINO ALLABRA;06/04/2026 10:08;06/04/2026 10:08;06/04/2026 10:12;TRANSMISE
37449;261;MONOP COCODY IVOIRE;06/04/2026 10:08;06/04/2026 10:09;06/04/2026 10:12;TRANSMISE
296372;295;CASINO ALLABRA;06/04/2026 10:08;06/04/2026 10:08;06/04/2026 10:12;TRANSMISE
196001;220;SUPER U PLATEAU          ;06/04/2026 10:08;06/04/2026 10:08;06/04/2026 10:12;TRANSMISE
203917;120;CASINO MAND GOLF;06/04/2026 10:08;06/04/2026 10:08;06/04/2026 10:12;TRANSMISE
203916;120;CASINO MAND GOLF;06/04/2026 10:08;06/04/2026 10:08;06/04/2026 10:12;TRANSMISE
296371;295;CASINO ALLABRA;06/04/2026 10:07;06/04/2026 10:07;06/04/2026 10:08;TRANSMISE
37448;261;MONOP COCODY IVOIRE;06/04/2026 10:07;06/04/2026 10:07;06/04/2026 10:08;TRANSMISE
201944;235;SUPER U DJIBI;06/04/2026 10:07;06/04/2026 10:07;06/04/2026 10:08;TRANSMISE
291922;302;S2P LATRILLE ;06/04/2026 10:06;06/04/2026 10:06;06/04/2026 10:08;TRANSMISE
203915;120;CASINO MAND GOLF;06/04/2026 10:06;06/04/2026 10:06;06/04/2026 10:08;TRANSMISE
196000;220;SUPER U PLATEAU          ;06/04/2026 10:06;06/04/2026 10:06;06/04/2026 10:08;TRANSMISE
201943;235;SUPER U DJIBI;06/04/2026 10:06;06/04/2026 10:06;06/04/2026 10:08;TRANSMISE
28197;312;SOCOCE RIVIERA;06/04/2026 10:06;06/04/2026 10:40;06/04/2026 10:40;TRANSMISE
291921;302;S2P LATRILLE ;06/04/2026 10:05;06/04/2026 10:05;06/04/2026 10:08;TRANSMISE
271672;100;CASINO II PLATEAUX               ;06/04/2026 10:05;06/04/2026 10:05;06/04/2026 10:08;TRANSMISE
157950;290;CASINO MBIETRY;06/04/2026 10:05;06/04/2026 10:05;06/04/2026 10:08;TRANSMISE
201942;235;SUPER U DJIBI;06/04/2026 10:04;06/04/2026 10:04;06/04/2026 10:08;TRANSMISE
195999;220;SUPER U PLATEAU          ;06/04/2026 10:04;06/04/2026 10:04;06/04/2026 10:08;TRANSMISE
37447;261;MONOP COCODY IVOIRE;06/04/2026 10:04;06/04/2026 10:04;06/04/2026 10:08;TRANSMISE
271671;100;CASINO II PLATEAUX               ;06/04/2026 10:04;06/04/2026 10:04;06/04/2026 10:08;TRANSMISE
296370;295;CASINO ALLABRA;06/04/2026 10:04;06/04/2026 10:04;06/04/2026 10:08;TRANSMISE
296368;295;CASINO ALLABRA;06/04/2026 10:03;06/04/2026 10:03;06/04/2026 10:04;TRANSMISE
296367;295;CASINO ALLABRA;06/04/2026 10:03;06/04/2026 10:03;06/04/2026 10:04;TRANSMISE
271670;100;CASINO II PLATEAUX               ;06/04/2026 10:02;06/04/2026 10:02;06/04/2026 10:04;TRANSMISE
201941;235;SUPER U DJIBI;06/04/2026 10:02;06/04/2026 10:02;06/04/2026 10:04;TRANSMISE
291920;302;S2P LATRILLE ;06/04/2026 10:01;06/04/2026 10:02;06/04/2026 10:04;TRANSMISE
203914;120;CASINO MAND GOLF;06/04/2026 10:01;06/04/2026 10:01;06/04/2026 10:04;TRANSMISE
296366;295;CASINO ALLABRA;06/04/2026 10:01;06/04/2026 10:01;06/04/2026 10:04;TRANSMISE
203913;120;CASINO MAND GOLF;06/04/2026 10:01;06/04/2026 10:01;06/04/2026 10:04;TRANSMISE
129600;291;CASINO MDANGA;06/04/2026 10:01;06/04/2026 10:01;06/04/2026 10:04;TRANSMISE
120422;080;CASINO MAND MARCORY;06/04/2026 10:01;06/04/2026 10:01;06/04/2026 10:04;TRANSMISE
195998;220;SUPER U PLATEAU          ;06/04/2026 10:01;06/04/2026 10:01;06/04/2026 10:04;TRANSMISE
291919;302;S2P LATRILLE ;06/04/2026 10:01;06/04/2026 10:01;06/04/2026 10:04;TRANSMISE
296364;295;CASINO ALLABRA;06/04/2026 10:00;06/04/2026 10:00;06/04/2026 10:04;TRANSMISE
271669;100;CASINO II PLATEAUX               ;06/04/2026 10:00;06/04/2026 10:00;06/04/2026 10:04;TRANSMISE
120421;080;CASINO MAND MARCORY;06/04/2026 10:00;06/04/2026 10:00;06/04/2026 10:04;TRANSMISE
157948;290;CASINO MBIETRY;06/04/2026 09:59;06/04/2026 09:59;06/04/2026 10:00;TRANSMISE
291918;302;S2P LATRILLE ;06/04/2026 09:58;06/04/2026 09:59;06/04/2026 10:00;TRANSMISE
120420;080;CASINO MAND MARCORY;06/04/2026 09:58;06/04/2026 09:58;06/04/2026 10:00;TRANSMISE
203912;120;CASINO MAND GOLF;06/04/2026 09:58;06/04/2026 09:58;06/04/2026 10:00;TRANSMISE
9694;413;CIV AGOUTI (P);06/04/2026 09:58;06/04/2026 09:58;06/04/2026 10:00;TRANSMISE
333809;035;HYPER HAYAT;06/04/2026 09:57;06/04/2026 09:57;06/04/2026 10:00;TRANSMISE
157947;290;CASINO MBIETRY;06/04/2026 09:57;06/04/2026 09:57;06/04/2026 10:00;TRANSMISE
333808;035;HYPER HAYAT;06/04/2026 09:57;06/04/2026 09:57;06/04/2026 10:00;TRANSMISE
203911;120;CASINO MAND GOLF;06/04/2026 09:56;06/04/2026 09:56;06/04/2026 10:00;TRANSMISE
296360;295;CASINO ALLABRA;06/04/2026 09:56;06/04/2026 09:56;06/04/2026 10:00;TRANSMISE
9693;413;CIV AGOUTI (P);06/04/2026 09:56;06/04/2026 09:56;06/04/2026 10:00;TRANSMISE
195997;220;SUPER U PLATEAU          ;06/04/2026 09:56;06/04/2026 09:56;06/04/2026 10:00;TRANSMISE
271668;100;CASINO II PLATEAUX               ;06/04/2026 09:56;06/04/2026 09:56;06/04/2026 10:00;TRANSMISE
296359;295;CASINO ALLABRA;06/04/2026 09:56;06/04/2026 09:56;06/04/2026 10:00;TRANSMISE
157946;290;CASINO MBIETRY;06/04/2026 09:55;06/04/2026 09:55;06/04/2026 09:56;TRANSMISE
195996;220;SUPER U PLATEAU          ;06/04/2026 09:54;06/04/2026 09:54;06/04/2026 09:56;TRANSMISE
129599;291;CASINO MDANGA;06/04/2026 09:52;06/04/2026 09:52;06/04/2026 09:56;TRANSMISE
203909;120;CASINO MAND GOLF;06/04/2026 09:52;06/04/2026 09:52;06/04/2026 09:56;TRANSMISE
37552;281;CASINO ANGRE       ;06/04/2026 09:52;06/04/2026 09:52;06/04/2026 09:56;TRANSMISE
66593;293;CASINO AMB CHINE;06/04/2026 09:51;06/04/2026 09:52;06/04/2026 09:56;TRANSMISE
9692;413;CIV AGOUTI (P);06/04/2026 09:51;06/04/2026 09:51;06/04/2026 09:52;TRANSMISE
296356;295;CASINO ALLABRA;06/04/2026 09:51;06/04/2026 09:51;06/04/2026 09:52;TRANSMISE
157945;290;CASINO MBIETRY;06/04/2026 09:51;06/04/2026 09:51;06/04/2026 09:52;TRANSMISE
203908;120;CASINO MAND GOLF;06/04/2026 09:50;06/04/2026 09:50;06/04/2026 09:52;TRANSMISE
157944;290;CASINO MBIETRY;06/04/2026 09:50;06/04/2026 09:50;06/04/2026 09:52;TRANSMISE
37446;261;MONOP COCODY IVOIRE;06/04/2026 09:49;06/04/2026 09:49;06/04/2026 09:52;TRANSMISE
296354;295;CASINO ALLABRA;06/04/2026 09:49;06/04/2026 09:49;06/04/2026 09:52;TRANSMISE
157943;290;CASINO MBIETRY;06/04/2026 09:48;06/04/2026 09:48;06/04/2026 09:52;TRANSMISE
37551;281;CASINO ANGRE       ;06/04/2026 09:47;06/04/2026 09:48;06/04/2026 09:48;TRANSMISE
37550;281;CASINO ANGRE       ;06/04/2026 09:47;06/04/2026 09:47;06/04/2026 09:48;TRANSMISE
271667;100;CASINO II PLATEAUX               ;06/04/2026 09:46;06/04/2026 09:46;06/04/2026 09:48;TRANSMISE
37549;281;CASINO ANGRE       ;06/04/2026 09:46;06/04/2026 09:46;06/04/2026 09:48;TRANSMISE
291916;302;S2P LATRILLE ;06/04/2026 09:45;06/04/2026 09:46;06/04/2026 09:48;TRANSMISE
296352;295;CASINO ALLABRA;06/04/2026 09:45;06/04/2026 09:45;06/04/2026 09:48;TRANSMISE
37445;261;MONOP COCODY IVOIRE;06/04/2026 09:45;06/04/2026 09:45;06/04/2026 09:48;TRANSMISE
271666;100;CASINO II PLATEAUX               ;06/04/2026 09:45;06/04/2026 09:45;06/04/2026 09:48;TRANSMISE
195995;220;SUPER U PLATEAU          ;06/04/2026 09:44;06/04/2026 09:45;06/04/2026 09:48;TRANSMISE
37548;281;CASINO ANGRE       ;06/04/2026 09:44;06/04/2026 09:44;06/04/2026 09:48;TRANSMISE
203907;120;CASINO MAND GOLF;06/04/2026 09:43;06/04/2026 09:43;06/04/2026 09:44;TRANSMISE
203906;120;CASINO MAND GOLF;06/04/2026 09:43;06/04/2026 09:43;06/04/2026 09:44;TRANSMISE
37444;261;MONOP COCODY IVOIRE;06/04/2026 09:43;06/04/2026 09:43;06/04/2026 09:44;TRANSMISE
195994;220;SUPER U PLATEAU          ;06/04/2026 09:42;06/04/2026 09:42;06/04/2026 09:44;TRANSMISE
37443;261;MONOP COCODY IVOIRE;06/04/2026 09:42;06/04/2026 09:42;06/04/2026 09:44;TRANSMISE
203905;120;CASINO MAND GOLF;06/04/2026 09:41;06/04/2026 09:41;06/04/2026 09:44;TRANSMISE
195993;220;SUPER U PLATEAU          ;06/04/2026 09:41;06/04/2026 09:41;06/04/2026 09:44;TRANSMISE
271665;100;CASINO II PLATEAUX               ;06/04/2026 09:41;06/04/2026 09:41;06/04/2026 09:44;TRANSMISE
203904;120;CASINO MAND GOLF;06/04/2026 09:41;06/04/2026 09:41;06/04/2026 09:44;TRANSMISE
195992;220;SUPER U PLATEAU          ;06/04/2026 09:41;06/04/2026 09:41;06/04/2026 09:44;TRANSMISE
103923;301;S2P SOCOCE ZONE 3               ;06/04/2026 09:40;06/04/2026 09:41;06/04/2026 09:44;TRANSMISE
9691;413;CIV AGOUTI (P);06/04/2026 09:40;06/04/2026 09:41;06/04/2026 09:44;TRANSMISE
203903;120;CASINO MAND GOLF;06/04/2026 09:40;06/04/2026 09:40;06/04/2026 09:44;TRANSMISE
271664;100;CASINO II PLATEAUX               ;06/04/2026 09:40;06/04/2026 09:40;06/04/2026 09:44;TRANSMISE
296348;295;CASINO ALLABRA;06/04/2026 09:40;06/04/2026 09:40;06/04/2026 09:44;TRANSMISE
333806;035;HYPER HAYAT;06/04/2026 09:40;06/04/2026 09:40;06/04/2026 09:44;TRANSMISE
195991;220;SUPER U PLATEAU          ;06/04/2026 09:39;06/04/2026 09:39;06/04/2026 09:40;TRANSMISE
271663;100;CASINO II PLATEAUX               ;06/04/2026 09:38;06/04/2026 09:38;06/04/2026 09:40;TRANSMISE
271662;100;CASINO II PLATEAUX               ;06/04/2026 09:38;06/04/2026 09:38;06/04/2026 09:40;TRANSMISE
333805;035;HYPER HAYAT;06/04/2026 09:37;06/04/2026 09:37;06/04/2026 09:40;TRANSMISE
271661;100;CASINO II PLATEAUX               ;06/04/2026 09:37;06/04/2026 09:37;06/04/2026 09:40;TRANSMISE
37442;261;MONOP COCODY IVOIRE;06/04/2026 09:36;06/04/2026 09:36;06/04/2026 09:36;TRANSMISE
296346;295;CASINO ALLABRA;06/04/2026 09:35;06/04/2026 09:35;06/04/2026 09:36;TRANSMISE
120419;080;CASINO MAND MARCORY;06/04/2026 09:35;06/04/2026 09:35;06/04/2026 09:36;TRANSMISE
271660;100;CASINO II PLATEAUX               ;06/04/2026 09:35;06/04/2026 09:35;06/04/2026 09:36;TRANSMISE
129598;291;CASINO MDANGA;06/04/2026 09:35;06/04/2026 09:35;06/04/2026 09:36;TRANSMISE
203902;120;CASINO MAND GOLF;06/04/2026 09:34;06/04/2026 09:35;06/04/2026 09:36;TRANSMISE
9690;413;CIV AGOUTI (P);06/04/2026 09:34;06/04/2026 09:35;06/04/2026 09:36;TRANSMISE
103922;301;S2P SOCOCE ZONE 3               ;06/04/2026 09:34;06/04/2026 09:34;06/04/2026 09:36;TRANSMISE
195989;220;SUPER U PLATEAU          ;06/04/2026 09:34;06/04/2026 09:34;06/04/2026 09:36;TRANSMISE
129597;291;CASINO MDANGA;06/04/2026 09:33;06/04/2026 09:33;06/04/2026 09:36;TRANSMISE
333804;035;HYPER HAYAT;06/04/2026 09:33;06/04/2026 09:33;06/04/2026 09:36;TRANSMISE
271658;100;CASINO II PLATEAUX               ;06/04/2026 09:33;06/04/2026 09:33;06/04/2026 09:36;TRANSMISE
103921;301;S2P SOCOCE ZONE 3               ;06/04/2026 09:32;06/04/2026 09:32;06/04/2026 09:36;TRANSMISE
201940;235;SUPER U DJIBI;06/04/2026 09:31;06/04/2026 09:31;06/04/2026 09:32;TRANSMISE
271657;100;CASINO II PLATEAUX               ;06/04/2026 09:31;06/04/2026 09:31;06/04/2026 09:32;TRANSMISE
10435;308;S2P SOCOCE ABOBO;06/04/2026 09:31;06/04/2026 09:31;06/04/2026 09:32;TRANSMISE
201939;235;SUPER U DJIBI;06/04/2026 09:31;06/04/2026 09:31;06/04/2026 09:32;TRANSMISE
296345;295;CASINO ALLABRA;06/04/2026 09:31;06/04/2026 09:31;06/04/2026 09:32;TRANSMISE
203901;120;CASINO MAND GOLF;06/04/2026 09:31;06/04/2026 09:31;06/04/2026 09:32;TRANSMISE
195988;220;SUPER U PLATEAU          ;06/04/2026 09:29;06/04/2026 09:29;06/04/2026 09:32;TRANSMISE
296344;295;CASINO ALLABRA;06/04/2026 09:28;06/04/2026 09:28;06/04/2026 09:32;TRANSMISE
203900;120;CASINO MAND GOLF;06/04/2026 09:28;06/04/2026 09:28;06/04/2026 09:32;TRANSMISE
195987;220;SUPER U PLATEAU          ;06/04/2026 09:27;06/04/2026 09:28;06/04/2026 09:32;TRANSMISE
103920;301;S2P SOCOCE ZONE 3               ;06/04/2026 09:27;06/04/2026 09:27;06/04/2026 09:28;TRANSMISE
37441;261;MONOP COCODY IVOIRE;06/04/2026 09:26;06/04/2026 09:27;06/04/2026 09:28;TRANSMISE
157941;290;CASINO MBIETRY;06/04/2026 09:26;06/04/2026 09:26;06/04/2026 09:28;TRANSMISE
203899;120;CASINO MAND GOLF;06/04/2026 09:26;06/04/2026 09:26;06/04/2026 09:28;TRANSMISE
291912;302;S2P LATRILLE ;06/04/2026 09:26;06/04/2026 09:26;06/04/2026 09:28;TRANSMISE
296343;295;CASINO ALLABRA;06/04/2026 09:25;06/04/2026 09:25;06/04/2026 09:28;TRANSMISE
195986;220;SUPER U PLATEAU          ;06/04/2026 09:23;06/04/2026 09:24;06/04/2026 09:24;TRANSMISE
296342;295;CASINO ALLABRA;06/04/2026 09:23;06/04/2026 09:23;06/04/2026 09:24;TRANSMISE
271656;100;CASINO II PLATEAUX               ;06/04/2026 09:22;06/04/2026 09:23;06/04/2026 09:24;TRANSMISE
16714;371;CIV YOP ANANERAIE (P);06/04/2026 09:22;06/04/2026 09:22;06/04/2026 09:24;TRANSMISE
296341;295;CASINO ALLABRA;06/04/2026 09:21;06/04/2026 09:21;06/04/2026 09:24;TRANSMISE
195985;220;SUPER U PLATEAU          ;06/04/2026 09:21;06/04/2026 09:21;06/04/2026 09:24;TRANSMISE
291911;302;S2P LATRILLE ;06/04/2026 09:20;06/04/2026 09:20;06/04/2026 09:24;TRANSMISE
103919;301;S2P SOCOCE ZONE 3               ;06/04/2026 09:20;06/04/2026 09:20;06/04/2026 09:24;TRANSMISE
203898;120;CASINO MAND GOLF;06/04/2026 09:19;06/04/2026 09:20;06/04/2026 09:20;TRANSMISE
291910;302;S2P LATRILLE ;06/04/2026 09:19;06/04/2026 09:19;06/04/2026 09:20;TRANSMISE
16713;371;CIV YOP ANANERAIE (P);06/04/2026 09:18;06/04/2026 09:18;06/04/2026 09:20;TRANSMISE
333803;035;HYPER HAYAT;06/04/2026 09:18;06/04/2026 09:18;06/04/2026 09:20;TRANSMISE
195984;220;SUPER U PLATEAU          ;06/04/2026 09:17;06/04/2026 09:18;06/04/2026 09:20;TRANSMISE
129596;291;CASINO MDANGA;06/04/2026 09:17;06/04/2026 09:17;06/04/2026 09:20;TRANSMISE
203897;120;CASINO MAND GOLF;06/04/2026 09:16;06/04/2026 09:16;06/04/2026 09:20;TRANSMISE
129595;291;CASINO MDANGA;06/04/2026 09:16;06/04/2026 09:16;06/04/2026 09:20;TRANSMISE
203896;120;CASINO MAND GOLF;06/04/2026 09:16;06/04/2026 09:16;06/04/2026 09:20;TRANSMISE
333802;035;HYPER HAYAT;06/04/2026 09:15;06/04/2026 09:15;06/04/2026 09:16;TRANSMISE
296340;295;CASINO ALLABRA;06/04/2026 09:15;06/04/2026 09:15;06/04/2026 09:16;TRANSMISE
203895;120;CASINO MAND GOLF;06/04/2026 09:15;06/04/2026 09:15;06/04/2026 09:16;TRANSMISE
201938;235;SUPER U DJIBI;06/04/2026 09:15;06/04/2026 09:15;06/04/2026 09:16;TRANSMISE
203894;120;CASINO MAND GOLF;06/04/2026 09:14;06/04/2026 09:14;06/04/2026 09:16;TRANSMISE
103915;301;S2P SOCOCE ZONE 3               ;06/04/2026 09:13;06/04/2026 09:14;06/04/2026 09:16;TRANSMISE
201937;235;SUPER U DJIBI;06/04/2026 09:13;06/04/2026 09:13;06/04/2026 09:16;TRANSMISE
296339;295;CASINO ALLABRA;06/04/2026 09:13;06/04/2026 09:13;06/04/2026 09:16;TRANSMISE
203893;120;CASINO MAND GOLF;06/04/2026 09:13;06/04/2026 09:13;06/04/2026 09:16;TRANSMISE
271654;100;CASINO II PLATEAUX               ;06/04/2026 09:13;06/04/2026 09:23;06/04/2026 09:24;TRANSMISE
195983;220;SUPER U PLATEAU          ;06/04/2026 09:12;06/04/2026 09:13;06/04/2026 09:16;TRANSMISE
201935;235;SUPER U DJIBI;06/04/2026 09:12;06/04/2026 09:12;06/04/2026 09:16;TRANSMISE
195982;220;SUPER U PLATEAU          ;06/04/2026 09:11;06/04/2026 09:11;06/04/2026 09:12;TRANSMISE
203892;120;CASINO MAND GOLF;06/04/2026 09:11;06/04/2026 09:11;06/04/2026 09:12;TRANSMISE
66592;293;CASINO AMB CHINE;06/04/2026 09:10;06/04/2026 09:10;06/04/2026 09:12;TRANSMISE
103913;301;S2P SOCOCE ZONE 3               ;06/04/2026 09:10;06/04/2026 09:11;06/04/2026 09:12;TRANSMISE
16712;371;CIV YOP ANANERAIE (P);06/04/2026 09:10;06/04/2026 09:51;06/04/2026 09:52;TRANSMISE
195981;220;SUPER U PLATEAU          ;06/04/2026 09:10;;;SAISIE
15516;412;CIV DOKUI (P);06/04/2026 09:10;06/04/2026 09:11;06/04/2026 09:12;TRANSMISE
296338;295;CASINO ALLABRA;06/04/2026 09:09;06/04/2026 09:10;06/04/2026 09:12;TRANSMISE
66591;293;CASINO AMB CHINE;06/04/2026 09:09;06/04/2026 09:09;06/04/2026 09:12;TRANSMISE
203891;120;CASINO MAND GOLF;06/04/2026 09:09;06/04/2026 09:09;06/04/2026 09:12;TRANSMISE
203890;120;CASINO MAND GOLF;06/04/2026 09:08;06/04/2026 09:08;06/04/2026 09:12;TRANSMISE
120418;080;CASINO MAND MARCORY;06/04/2026 09:08;06/04/2026 09:08;06/04/2026 09:12;TRANSMISE
296337;295;CASINO ALLABRA;06/04/2026 09:08;06/04/2026 09:08;06/04/2026 09:12;TRANSMISE
291909;302;S2P LATRILLE ;06/04/2026 09:08;06/04/2026 09:08;06/04/2026 09:12;TRANSMISE
333801;035;HYPER HAYAT;06/04/2026 09:08;06/04/2026 09:08;06/04/2026 09:12;TRANSMISE
291908;302;S2P LATRILLE ;06/04/2026 09:07;06/04/2026 09:07;06/04/2026 09:08;TRANSMISE
103911;301;S2P SOCOCE ZONE 3               ;06/04/2026 09:07;06/04/2026 09:07;06/04/2026 09:08;TRANSMISE
157940;290;CASINO MBIETRY;06/04/2026 09:07;06/04/2026 09:07;06/04/2026 09:08;TRANSMISE
291907;302;S2P LATRILLE ;06/04/2026 09:06;06/04/2026 09:06;06/04/2026 09:08;TRANSMISE
10433;308;S2P SOCOCE ABOBO;06/04/2026 09:05;06/04/2026 09:05;06/04/2026 09:08;TRANSMISE
291906;302;S2P LATRILLE ;06/04/2026 09:04;06/04/2026 09:04;06/04/2026 09:08;TRANSMISE
296336;295;CASINO ALLABRA;06/04/2026 09:01;06/04/2026 09:02;06/04/2026 09:04;TRANSMISE
291905;302;S2P LATRILLE ;06/04/2026 09:01;06/04/2026 09:01;06/04/2026 09:04;TRANSMISE
37440;261;MONOP COCODY IVOIRE;06/04/2026 09:00;06/04/2026 09:00;06/04/2026 09:04;TRANSMISE
296335;295;CASINO ALLABRA;06/04/2026 08:59;06/04/2026 08:59;06/04/2026 09:00;TRANSMISE
271653;100;CASINO II PLATEAUX               ;06/04/2026 08:59;06/04/2026 09:23;06/04/2026 09:24;TRANSMISE
271652;100;CASINO II PLATEAUX               ;06/04/2026 08:59;06/04/2026 08:59;06/04/2026 09:00;TRANSMISE
203889;120;CASINO MAND GOLF;06/04/2026 08:56;06/04/2026 08:56;06/04/2026 09:00;TRANSMISE
37439;261;MONOP COCODY IVOIRE;06/04/2026 08:56;06/04/2026 08:56;06/04/2026 09:00;TRANSMISE
203888;120;CASINO MAND GOLF;06/04/2026 08:55;06/04/2026 08:55;06/04/2026 08:56;TRANSMISE
271651;100;CASINO II PLATEAUX               ;06/04/2026 08:55;06/04/2026 08:55;06/04/2026 08:56;TRANSMISE
333800;035;HYPER HAYAT;06/04/2026 08:55;06/04/2026 08:55;06/04/2026 08:56;TRANSMISE
203887;120;CASINO MAND GOLF;06/04/2026 08:54;06/04/2026 08:54;06/04/2026 08:56;TRANSMISE
296334;295;CASINO ALLABRA;06/04/2026 08:54;06/04/2026 08:54;06/04/2026 08:56;TRANSMISE
120417;080;CASINO MAND MARCORY;06/04/2026 08:54;06/04/2026 08:54;06/04/2026 08:56;TRANSMISE
103905;301;S2P SOCOCE ZONE 3               ;06/04/2026 08:53;06/04/2026 08:53;06/04/2026 08:56;TRANSMISE
203886;120;CASINO MAND GOLF;06/04/2026 08:52;06/04/2026 08:53;06/04/2026 08:56;TRANSMISE
296333;295;CASINO ALLABRA;06/04/2026 08:52;06/04/2026 08:52;06/04/2026 08:56;TRANSMISE
157934;290;CASINO MBIETRY;06/04/2026 08:52;06/04/2026 08:52;06/04/2026 08:56;TRANSMISE
296332;295;CASINO ALLABRA;06/04/2026 08:51;06/04/2026 08:52;06/04/2026 08:52;TRANSMISE
201934;235;SUPER U DJIBI;06/04/2026 08:51;06/04/2026 08:51;06/04/2026 08:52;TRANSMISE
271650;100;CASINO II PLATEAUX               ;06/04/2026 08:50;06/04/2026 09:23;06/04/2026 09:24;TRANSMISE
296331;295;CASINO ALLABRA;06/04/2026 08:50;06/04/2026 08:50;06/04/2026 08:52;TRANSMISE
157933;290;CASINO MBIETRY;06/04/2026 08:50;06/04/2026 08:50;06/04/2026 08:52;TRANSMISE
291904;302;S2P LATRILLE ;06/04/2026 08:49;06/04/2026 08:50;06/04/2026 08:52;TRANSMISE
203885;120;CASINO MAND GOLF;06/04/2026 08:49;06/04/2026 08:49;06/04/2026 08:52;TRANSMISE
201933;235;SUPER U DJIBI;06/04/2026 08:49;06/04/2026 08:49;06/04/2026 08:52;TRANSMISE
195980;220;SUPER U PLATEAU          ;06/04/2026 08:48;06/04/2026 08:48;06/04/2026 08:52;TRANSMISE
201932;235;SUPER U DJIBI;06/04/2026 08:48;06/04/2026 08:48;06/04/2026 08:52;TRANSMISE
291903;302;S2P LATRILLE ;06/04/2026 08:48;06/04/2026 08:48;06/04/2026 08:52;TRANSMISE
296330;295;CASINO ALLABRA;06/04/2026 08:47;06/04/2026 08:47;06/04/2026 08:48;TRANSMISE
333797;035;HYPER HAYAT;06/04/2026 08:47;06/04/2026 08:47;06/04/2026 08:48;TRANSMISE
296329;295;CASINO ALLABRA;06/04/2026 08:46;06/04/2026 08:47;06/04/2026 08:48;TRANSMISE
333795;035;HYPER HAYAT;06/04/2026 08:44;06/04/2026 08:44;06/04/2026 08:48;TRANSMISE
129594;291;CASINO MDANGA;06/04/2026 08:42;06/04/2026 08:42;06/04/2026 08:44;TRANSMISE
333794;035;HYPER HAYAT;06/04/2026 08:42;06/04/2026 08:42;06/04/2026 08:44;TRANSMISE
203884;120;CASINO MAND GOLF;06/04/2026 08:41;06/04/2026 08:41;06/04/2026 08:44;TRANSMISE
296328;295;CASINO ALLABRA;06/04/2026 08:40;06/04/2026 08:40;06/04/2026 08:44;TRANSMISE
129593;291;CASINO MDANGA;06/04/2026 08:40;;;SAISIE
296327;295;CASINO ALLABRA;06/04/2026 08:40;06/04/2026 08:40;06/04/2026 08:44;TRANSMISE
201931;235;SUPER U DJIBI;06/04/2026 08:39;06/04/2026 08:39;06/04/2026 08:40;TRANSMISE
203883;120;CASINO MAND GOLF;06/04/2026 08:39;06/04/2026 08:39;06/04/2026 08:40;TRANSMISE
203882;120;CASINO MAND GOLF;06/04/2026 08:38;06/04/2026 08:39;06/04/2026 08:40;TRANSMISE
10432;308;S2P SOCOCE ABOBO;06/04/2026 08:38;06/04/2026 08:39;06/04/2026 08:40;TRANSMISE
271648;100;CASINO II PLATEAUX               ;06/04/2026 08:37;06/04/2026 08:38;06/04/2026 08:40;TRANSMISE
201930;235;SUPER U DJIBI;06/04/2026 08:37;06/04/2026 08:37;06/04/2026 08:40;TRANSMISE
296325;295;CASINO ALLABRA;06/04/2026 08:36;06/04/2026 08:37;06/04/2026 08:40;TRANSMISE
271647;100;CASINO II PLATEAUX               ;06/04/2026 08:36;06/04/2026 08:36;06/04/2026 08:40;TRANSMISE
291901;302;S2P LATRILLE ;06/04/2026 08:35;06/04/2026 08:35;06/04/2026 08:36;TRANSMISE
291900;302;S2P LATRILLE ;06/04/2026 08:34;06/04/2026 08:34;06/04/2026 08:36;TRANSMISE
333793;035;HYPER HAYAT;06/04/2026 08:34;06/04/2026 08:34;06/04/2026 08:36;TRANSMISE
296321;295;CASINO ALLABRA;06/04/2026 08:33;06/04/2026 08:33;06/04/2026 08:36;TRANSMISE
333792;035;HYPER HAYAT;06/04/2026 08:32;06/04/2026 08:32;06/04/2026 08:36;TRANSMISE
271646;100;CASINO II PLATEAUX               ;06/04/2026 08:31;06/04/2026 08:31;06/04/2026 08:32;TRANSMISE
333791;035;HYPER HAYAT;06/04/2026 08:31;06/04/2026 08:31;06/04/2026 08:32;TRANSMISE
333790;035;HYPER HAYAT;06/04/2026 08:30;06/04/2026 08:30;06/04/2026 08:32;TRANSMISE
333789;035;HYPER HAYAT;06/04/2026 08:30;06/04/2026 08:30;06/04/2026 08:32;TRANSMISE
203881;120;CASINO MAND GOLF;06/04/2026 08:29;06/04/2026 08:29;06/04/2026 08:32;TRANSMISE
333788;035;HYPER HAYAT;06/04/2026 08:27;06/04/2026 08:27;06/04/2026 08:28;TRANSMISE
203880;120;CASINO MAND GOLF;06/04/2026 08:27;06/04/2026 08:27;06/04/2026 08:28;TRANSMISE
203879;120;CASINO MAND GOLF;06/04/2026 08:25;06/04/2026 08:25;06/04/2026 08:28;TRANSMISE
37438;261;MONOP COCODY IVOIRE;06/04/2026 08:25;06/04/2026 08:25;06/04/2026 08:28;TRANSMISE
291895;302;S2P LATRILLE ;06/04/2026 08:23;06/04/2026 08:23;06/04/2026 08:24;TRANSMISE
291894;302;S2P LATRILLE ;06/04/2026 08:22;06/04/2026 08:23;06/04/2026 08:24;TRANSMISE
291893;302;S2P LATRILLE ;06/04/2026 08:21;06/04/2026 08:22;06/04/2026 08:24;TRANSMISE
203878;120;CASINO MAND GOLF;06/04/2026 08:21;06/04/2026 08:21;06/04/2026 08:24;TRANSMISE
203877;120;CASINO MAND GOLF;06/04/2026 08:20;06/04/2026 08:20;06/04/2026 08:24;TRANSMISE
291890;302;S2P LATRILLE ;06/04/2026 08:20;06/04/2026 08:20;06/04/2026 08:24;TRANSMISE
203876;120;CASINO MAND GOLF;06/04/2026 08:19;06/04/2026 08:19;06/04/2026 08:20;TRANSMISE
203875;120;CASINO MAND GOLF;06/04/2026 08:19;06/04/2026 08:19;06/04/2026 08:20;TRANSMISE
203874;120;CASINO MAND GOLF;06/04/2026 08:18;06/04/2026 08:18;06/04/2026 08:20;TRANSMISE
10431;308;S2P SOCOCE ABOBO;06/04/2026 08:15;06/04/2026 08:15;06/04/2026 08:16;TRANSMISE
203873;120;CASINO MAND GOLF;06/04/2026 08:15;06/04/2026 08:15;06/04/2026 08:16;TRANSMISE
291884;302;S2P LATRILLE ;06/04/2026 08:14;06/04/2026 08:14;06/04/2026 08:16;TRANSMISE
291883;302;S2P LATRILLE ;06/04/2026 08:13;06/04/2026 08:13;06/04/2026 08:16;TRANSMISE
296320;295;CASINO ALLABRA;06/04/2026 08:12;06/04/2026 08:13;06/04/2026 08:16;TRANSMISE
47730;306;SOCOCE YAKRO;06/04/2026 08:12;06/04/2026 08:12;06/04/2026 08:16;TRANSMISE
201928;235;SUPER U DJIBI;06/04/2026 08:10;06/04/2026 08:10;06/04/2026 08:12;TRANSMISE
333787;035;HYPER HAYAT;06/04/2026 08:10;06/04/2026 08:10;06/04/2026 08:12;TRANSMISE
203872;120;CASINO MAND GOLF;06/04/2026 08:10;06/04/2026 08:10;06/04/2026 08:12;TRANSMISE
296319;295;CASINO ALLABRA;06/04/2026 08:09;06/04/2026 08:09;06/04/2026 08:12;TRANSMISE
203871;120;CASINO MAND GOLF;06/04/2026 08:08;06/04/2026 08:08;06/04/2026 08:12;TRANSMISE
296318;295;CASINO ALLABRA;06/04/2026 08:06;06/04/2026 08:06;06/04/2026 08:08;TRANSMISE
203870;120;CASINO MAND GOLF;06/04/2026 08:05;06/04/2026 08:05;06/04/2026 08:08;TRANSMISE
296317;295;CASINO ALLABRA;06/04/2026 08:05;06/04/2026 08:05;06/04/2026 08:08;TRANSMISE
291881;302;S2P LATRILLE ;06/04/2026 08:05;06/04/2026 08:05;06/04/2026 08:08;TRANSMISE
333786;035;HYPER HAYAT;06/04/2026 08:04;06/04/2026 08:04;06/04/2026 08:08;TRANSMISE
203869;120;CASINO MAND GOLF;06/04/2026 08:03;06/04/2026 08:03;06/04/2026 08:04;TRANSMISE
296316;295;CASINO ALLABRA;06/04/2026 08:03;06/04/2026 08:03;06/04/2026 08:04;TRANSMISE
296315;295;CASINO ALLABRA;06/04/2026 08:02;06/04/2026 08:02;06/04/2026 08:04;TRANSMISE
333785;035;HYPER HAYAT;06/04/2026 08:01;06/04/2026 08:01;06/04/2026 08:04;TRANSMISE
296314;295;CASINO ALLABRA;06/04/2026 08:00;06/04/2026 08:00;06/04/2026 08:04;TRANSMISE
203868;120;CASINO MAND GOLF;06/04/2026 08:00;06/04/2026 08:00;06/04/2026 08:04;TRANSMISE
296313;295;CASINO ALLABRA;06/04/2026 07:59;06/04/2026 07:59;06/04/2026 08:00;TRANSMISE
203867;120;CASINO MAND GOLF;06/04/2026 07:59;06/04/2026 07:59;06/04/2026 08:00;TRANSMISE
157923;290;CASINO MBIETRY;06/04/2026 07:58;06/04/2026 07:58;06/04/2026 08:00;TRANSMISE
203866;120;CASINO MAND GOLF;06/04/2026 07:57;06/04/2026 07:57;06/04/2026 08:00;TRANSMISE
296312;295;CASINO ALLABRA;06/04/2026 07:56;06/04/2026 07:57;06/04/2026 08:00;TRANSMISE
296311;295;CASINO ALLABRA;06/04/2026 07:56;06/04/2026 07:56;06/04/2026 08:00;TRANSMISE
203865;120;CASINO MAND GOLF;06/04/2026 07:56;06/04/2026 07:56;06/04/2026 08:00;TRANSMISE
296310;295;CASINO ALLABRA;06/04/2026 07:55;06/04/2026 07:55;06/04/2026 07:56;TRANSMISE
296309;295;CASINO ALLABRA;06/04/2026 07:54;06/04/2026 07:54;06/04/2026 07:56;TRANSMISE
195974;220;SUPER U PLATEAU          ;06/04/2026 07:53;06/04/2026 07:54;06/04/2026 07:56;TRANSMISE
333784;035;HYPER HAYAT;06/04/2026 07:53;06/04/2026 07:53;06/04/2026 07:56;TRANSMISE
203864;120;CASINO MAND GOLF;06/04/2026 07:51;06/04/2026 07:51;06/04/2026 07:52;TRANSMISE
333783;035;HYPER HAYAT;06/04/2026 07:48;06/04/2026 07:48;06/04/2026 07:52;TRANSMISE
296307;295;CASINO ALLABRA;06/04/2026 07:47;06/04/2026 07:47;06/04/2026 07:48;TRANSMISE
333782;035;HYPER HAYAT;06/04/2026 07:46;06/04/2026 07:46;06/04/2026 07:48;TRANSMISE
333781;035;HYPER HAYAT;06/04/2026 07:45;06/04/2026 07:46;06/04/2026 07:48;TRANSMISE
203863;120;CASINO MAND GOLF;06/04/2026 07:43;06/04/2026 07:43;06/04/2026 07:44;TRANSMISE
37437;261;MONOP COCODY IVOIRE;06/04/2026 07:43;06/04/2026 07:43;06/04/2026 07:44;TRANSMISE
333780;035;HYPER HAYAT;06/04/2026 07:43;06/04/2026 07:43;06/04/2026 07:44;TRANSMISE
201921;235;SUPER U DJIBI;06/04/2026 07:42;06/04/2026 07:42;06/04/2026 07:44;TRANSMISE
333779;035;HYPER HAYAT;06/04/2026 07:41;06/04/2026 07:41;06/04/2026 07:44;TRANSMISE
203862;120;CASINO MAND GOLF;06/04/2026 07:40;06/04/2026 07:40;06/04/2026 07:44;TRANSMISE
296306;295;CASINO ALLABRA;06/04/2026 07:39;06/04/2026 07:40;06/04/2026 07:40;TRANSMISE
333778;035;HYPER HAYAT;06/04/2026 07:39;06/04/2026 07:39;06/04/2026 07:40;TRANSMISE
296305;295;CASINO ALLABRA;06/04/2026 07:38;06/04/2026 07:38;06/04/2026 07:40;TRANSMISE
296304;295;CASINO ALLABRA;06/04/2026 07:37;06/04/2026 07:37;06/04/2026 07:40;TRANSMISE
201920;235;SUPER U DJIBI;06/04/2026 07:33;06/04/2026 07:34;06/04/2026 07:36;TRANSMISE
203858;120;CASINO MAND GOLF;06/04/2026 07:30;06/04/2026 07:30;06/04/2026 07:32;TRANSMISE
203857;120;CASINO MAND GOLF;06/04/2026 07:29;06/04/2026 07:29;06/04/2026 07:32;TRANSMISE
203856;120;CASINO MAND GOLF;06/04/2026 07:28;06/04/2026 07:28;06/04/2026 07:32;TRANSMISE
333777;035;HYPER HAYAT;06/04/2026 07:27;06/04/2026 07:27;06/04/2026 07:28;TRANSMISE
333776;035;HYPER HAYAT;06/04/2026 07:26;06/04/2026 07:26;06/04/2026 07:28;TRANSMISE
203855;120;CASINO MAND GOLF;06/04/2026 07:23;06/04/2026 07:24;06/04/2026 07:28;TRANSMISE
333775;035;HYPER HAYAT;06/04/2026 07:23;06/04/2026 07:23;06/04/2026 07:24;TRANSMISE
333774;035;HYPER HAYAT;06/04/2026 07:20;06/04/2026 07:20;06/04/2026 07:24;TRANSMISE
333773;035;HYPER HAYAT;06/04/2026 07:18;06/04/2026 07:18;06/04/2026 07:20;TRANSMISE
47728;306;SOCOCE YAKRO;06/04/2026 07:15;06/04/2026 07:15;06/04/2026 07:16;TRANSMISE
333772;035;HYPER HAYAT;06/04/2026 07:12;06/04/2026 07:12;06/04/2026 07:16;TRANSMISE
333771;035;HYPER HAYAT;06/04/2026 07:10;06/04/2026 07:10;06/04/2026 07:12;TRANSMISE
333770;035;HYPER HAYAT;06/04/2026 07:08;06/04/2026 07:08;06/04/2026 07:12;TRANSMISE
333769;035;HYPER HAYAT;06/04/2026 07:07;06/04/2026 07:07;06/04/2026 07:08;TRANSMISE
333768;035;HYPER HAYAT;06/04/2026 07:06;06/04/2026 07:06;06/04/2026 07:08;TRANSMISE
333767;035;HYPER HAYAT;06/04/2026 07:03;06/04/2026 07:04;06/04/2026 07:08;TRANSMISE
203854;120;CASINO MAND GOLF;06/04/2026 07:03;06/04/2026 07:03;06/04/2026 07:04;TRANSMISE
333766;035;HYPER HAYAT;06/04/2026 07:02;06/04/2026 07:02;06/04/2026 07:04;TRANSMISE
333764;035;HYPER HAYAT;06/04/2026 06:43;06/04/2026 06:43;06/04/2026 07:00;TRANSMISE
333763;035;HYPER HAYAT;06/04/2026 06:42;06/04/2026 06:42;06/04/2026 07:00;TRANSMISE
333762;035;HYPER HAYAT;06/04/2026 06:34;06/04/2026 06:34;06/04/2026 07:00;TRANSMISE
203853;120;CASINO MAND GOLF;06/04/2026 06:30;06/04/2026 06:30;06/04/2026 07:00;TRANSMISE
333761;035;HYPER HAYAT;06/04/2026 06:28;06/04/2026 06:28;06/04/2026 07:00;TRANSMISE
333760;035;HYPER HAYAT;06/04/2026 06:27;06/04/2026 06:27;06/04/2026 07:00;TRANSMISE
333759;035;HYPER HAYAT;06/04/2026 06:27;06/04/2026 06:27;06/04/2026 07:00;TRANSMISE
203852;120;CASINO MAND GOLF;06/04/2026 06:26;06/04/2026 06:26;06/04/2026 07:00;TRANSMISE
333758;035;HYPER HAYAT;06/04/2026 06:26;06/04/2026 06:26;06/04/2026 07:00;TRANSMISE
333757;035;HYPER HAYAT;06/04/2026 06:22;06/04/2026 06:22;06/04/2026 07:00;TRANSMISE
333756;035;HYPER HAYAT;05/04/2026 20:55;05/04/2026 20:55;06/04/2026 07:00;TRANSMISE
333755;035;HYPER HAYAT;05/04/2026 20:53;05/04/2026 20:53;06/04/2026 07:00;TRANSMISE
296299;295;CASINO ALLABRA;05/04/2026 20:47;05/04/2026 20:47;06/04/2026 07:00;TRANSMISE
9689;413;CIV AGOUTI (P);05/04/2026 20:44;06/04/2026 09:22;06/04/2026 09:24;TRANSMISE
296298;295;CASINO ALLABRA;05/04/2026 20:43;05/04/2026 20:43;06/04/2026 07:00;TRANSMISE
9688;413;CIV AGOUTI (P);05/04/2026 20:38;06/04/2026 09:24;06/04/2026 09:24;TRANSMISE
296297;295;CASINO ALLABRA;05/04/2026 20:34;05/04/2026 20:34;06/04/2026 07:00;TRANSMISE
9687;413;CIV AGOUTI (P);05/04/2026 20:19;06/04/2026 09:24;06/04/2026 09:28;TRANSMISE
20544;378;CI K. DJE KONAN;05/04/2026 20:14;05/04/2026 20:14;06/04/2026 07:00;TRANSMISE
20543;378;CI K. DJE KONAN;05/04/2026 20:10;;;SAISIE
203851;120;CASINO MAND GOLF;05/04/2026 20:07;05/04/2026 20:07;06/04/2026 07:00;TRANSMISE
203850;120;CASINO MAND GOLF;05/04/2026 19:58;05/04/2026 19:58;06/04/2026 07:00;TRANSMISE
203849;120;CASINO MAND GOLF;05/04/2026 19:50;05/04/2026 19:50;06/04/2026 07:00;TRANSMISE
271636;100;CASINO II PLATEAUX               ;05/04/2026 19:44;05/04/2026 19:44;06/04/2026 07:00;TRANSMISE
271635;100;CASINO II PLATEAUX               ;05/04/2026 19:42;05/04/2026 19:43;06/04/2026 07:00;TRANSMISE
15514;412;CIV DOKUI (P);05/04/2026 19:35;05/04/2026 19:35;06/04/2026 07:00;TRANSMISE
333749;035;HYPER HAYAT;05/04/2026 19:13;05/04/2026 19:13;06/04/2026 07:00;TRANSMISE
333748;035;HYPER HAYAT;05/04/2026 18:30;05/04/2026 18:30;06/04/2026 07:00;TRANSMISE
203848;120;CASINO MAND GOLF;05/04/2026 18:12;05/04/2026 18:12;06/04/2026 07:00;TRANSMISE
39334;353;C.I. PROSUMA ANGRE 8T             ;05/04/2026 17:52;;;SAISIE
16710;371;CIV YOP ANANERAIE (P);05/04/2026 17:38;06/04/2026 09:50;06/04/2026 09:52;TRANSMISE
203847;120;CASINO MAND GOLF;05/04/2026 17:34;05/04/2026 17:34;06/04/2026 07:00;TRANSMISE
333747;035;HYPER HAYAT;05/04/2026 17:21;05/04/2026 17:21;06/04/2026 07:00;TRANSMISE
333746;035;HYPER HAYAT;05/04/2026 17:18;;;SAISIE
15510;412;CIV DOKUI (P);05/04/2026 17:14;05/04/2026 18:43;06/04/2026 07:00;TRANSMISE
333745;035;HYPER HAYAT;05/04/2026 17:08;05/04/2026 17:08;06/04/2026 07:00;TRANSMISE
16709;371;CIV YOP ANANERAIE (P);05/04/2026 17:00;06/04/2026 09:50;06/04/2026 09:52;TRANSMISE
16708;371;CIV YOP ANANERAIE (P);05/04/2026 16:52;06/04/2026 09:50;06/04/2026 09:52;TRANSMISE
11426;250;GIFI ZONE 4                     ;05/04/2026 16:50;05/04/2026 16:50;06/04/2026 07:00;TRANSMISE
271630;100;CASINO II PLATEAUX               ;05/04/2026 16:49;05/04/2026 16:49;06/04/2026 07:00;TRANSMISE
15509;412;CIV DOKUI (P);05/04/2026 16:41;05/04/2026 16:42;06/04/2026 07:00;TRANSMISE
11425;250;GIFI ZONE 4                     ;05/04/2026 16:25;05/04/2026 16:25;06/04/2026 07:00;TRANSMISE
16707;371;CIV YOP ANANERAIE (P);05/04/2026 16:20;06/04/2026 09:49;06/04/2026 09:52;TRANSMISE
15508;412;CIV DOKUI (P);05/04/2026 16:03;05/04/2026 18:26;06/04/2026 07:00;TRANSMISE
16706;371;CIV YOP ANANERAIE (P);05/04/2026 16:00;06/04/2026 09:49;06/04/2026 09:52;TRANSMISE
39333;353;C.I. PROSUMA ANGRE 8T             ;05/04/2026 15:41;;;SAISIE
15507;412;CIV DOKUI (P);05/04/2026 15:14;05/04/2026 19:31;06/04/2026 07:00;TRANSMISE
201902;235;SUPER U DJIBI;05/04/2026 15:13;05/04/2026 15:13;06/04/2026 07:00;TRANSMISE
15506;412;CIV DOKUI (P);05/04/2026 14:14;05/04/2026 18:30;06/04/2026 07:00;TRANSMISE
271629;100;CASINO II PLATEAUX               ;05/04/2026 14:11;05/04/2026 14:11;06/04/2026 07:00;TRANSMISE
40326;310;S2P SAN PEDRO         ;05/04/2026 13:51;05/04/2026 13:51;06/04/2026 07:00;TRANSMISE
41717;372;CIV U MAROC;05/04/2026 13:18;;;SAISIE
296285;295;CASINO ALLABRA;05/04/2026 13:09;05/04/2026 13:10;06/04/2026 07:00;TRANSMISE
9686;413;CIV AGOUTI (P);05/04/2026 13:09;06/04/2026 09:25;06/04/2026 09:28;TRANSMISE
333742;035;HYPER HAYAT;05/04/2026 12:57;05/04/2026 12:57;05/04/2026 13:00;TRANSMISE
9685;413;CIV AGOUTI (P);05/04/2026 12:55;06/04/2026 09:26;06/04/2026 09:28;TRANSMISE
9684;413;CIV AGOUTI (P);05/04/2026 12:50;06/04/2026 09:26;06/04/2026 09:28;TRANSMISE
333741;035;HYPER HAYAT;05/04/2026 12:47;05/04/2026 12:47;05/04/2026 12:49;TRANSMISE
271621;100;CASINO II PLATEAUX               ;05/04/2026 12:39;05/04/2026 12:39;06/04/2026 07:00;TRANSMISE
271620;100;CASINO II PLATEAUX               ;05/04/2026 12:38;05/04/2026 12:38;06/04/2026 07:00;TRANSMISE
271619;100;CASINO II PLATEAUX               ;05/04/2026 12:36;05/04/2026 12:37;06/04/2026 07:00;TRANSMISE
271618;100;CASINO II PLATEAUX               ;05/04/2026 12:34;05/04/2026 12:34;06/04/2026 07:00;TRANSMISE
333740;035;HYPER HAYAT;05/04/2026 12:31;05/04/2026 12:31;05/04/2026 12:35;TRANSMISE
271617;100;CASINO II PLATEAUX               ;05/04/2026 12:31;05/04/2026 12:31;06/04/2026 07:00;TRANSMISE
271616;100;CASINO II PLATEAUX               ;05/04/2026 12:26;05/04/2026 12:26;06/04/2026 07:00;TRANSMISE
271615;100;CASINO II PLATEAUX               ;05/04/2026 12:26;05/04/2026 12:26;06/04/2026 07:00;TRANSMISE
333739;035;HYPER HAYAT;05/04/2026 12:25;05/04/2026 12:25;05/04/2026 12:28;TRANSMISE
41716;372;CIV U MAROC;05/04/2026 12:23;;;SAISIE
271614;100;CASINO II PLATEAUX               ;05/04/2026 12:22;05/04/2026 12:22;06/04/2026 07:00;TRANSMISE
41715;372;CIV U MAROC;05/04/2026 12:22;;;SAISIE
271613;100;CASINO II PLATEAUX               ;05/04/2026 12:21;05/04/2026 12:21;06/04/2026 07:00;TRANSMISE
41714;372;CIV U MAROC;05/04/2026 12:18;;;SAISIE
271612;100;CASINO II PLATEAUX               ;05/04/2026 12:18;05/04/2026 12:18;06/04/2026 07:00;TRANSMISE
333738;035;HYPER HAYAT;05/04/2026 12:13;05/04/2026 12:13;05/04/2026 12:14;TRANSMISE
271611;100;CASINO II PLATEAUX               ;05/04/2026 12:12;05/04/2026 12:12;06/04/2026 07:00;TRANSMISE
9683;413;CIV AGOUTI (P);05/04/2026 12:02;06/04/2026 09:27;06/04/2026 09:28;TRANSMISE
333737;035;HYPER HAYAT;05/04/2026 11:59;05/04/2026 11:59;05/04/2026 12:00;TRANSMISE
271610;100;CASINO II PLATEAUX               ;05/04/2026 11:53;05/04/2026 11:53;06/04/2026 07:00;TRANSMISE
11424;250;GIFI ZONE 4                     ;05/04/2026 11:53;05/04/2026 11:53;06/04/2026 07:00;TRANSMISE
333736;035;HYPER HAYAT;05/04/2026 11:50;05/04/2026 11:50;05/04/2026 11:56;TRANSMISE
271609;100;CASINO II PLATEAUX               ;05/04/2026 11:49;05/04/2026 11:49;06/04/2026 07:00;TRANSMISE
333735;035;HYPER HAYAT;05/04/2026 11:46;05/04/2026 11:46;05/04/2026 11:49;TRANSMISE
333734;035;HYPER HAYAT;05/04/2026 11:41;05/04/2026 11:41;05/04/2026 11:42;TRANSMISE
271608;100;CASINO II PLATEAUX               ;05/04/2026 11:30;05/04/2026 11:30;06/04/2026 07:00;TRANSMISE
47727;306;SOCOCE YAKRO;05/04/2026 11:29;06/04/2026 06:56;06/04/2026 07:00;TRANSMISE
201895;235;SUPER U DJIBI;05/04/2026 11:29;05/04/2026 11:29;06/04/2026 07:00;TRANSMISE
201894;235;SUPER U DJIBI;05/04/2026 11:28;05/04/2026 11:28;06/04/2026 07:00;TRANSMISE
201893;235;SUPER U DJIBI;05/04/2026 11:27;05/04/2026 11:27;06/04/2026 07:00;TRANSMISE
333733;035;HYPER HAYAT;05/04/2026 11:24;05/04/2026 11:25;05/04/2026 11:28;TRANSMISE
271607;100;CASINO II PLATEAUX               ;05/04/2026 11:23;05/04/2026 11:23;06/04/2026 07:00;TRANSMISE
333732;035;HYPER HAYAT;05/04/2026 11:22;05/04/2026 11:22;05/04/2026 11:28;TRANSMISE
47726;306;SOCOCE YAKRO;05/04/2026 11:21;06/04/2026 06:56;06/04/2026 07:00;TRANSMISE
333731;035;HYPER HAYAT;05/04/2026 11:20;05/04/2026 11:20;05/04/2026 11:21;TRANSMISE
47725;306;SOCOCE YAKRO;05/04/2026 11:18;06/04/2026 06:57;06/04/2026 07:00;TRANSMISE
333730;035;HYPER HAYAT;05/04/2026 11:16;05/04/2026 11:16;05/04/2026 11:21;TRANSMISE
333729;035;HYPER HAYAT;05/04/2026 11:14;05/04/2026 11:14;05/04/2026 11:21;TRANSMISE
333728;035;HYPER HAYAT;05/04/2026 11:01;05/04/2026 11:01;05/04/2026 11:07;TRANSMISE
333727;035;HYPER HAYAT;05/04/2026 11:00;05/04/2026 11:00;05/04/2026 11:07;TRANSMISE
271606;100;CASINO II PLATEAUX               ;05/04/2026 10:58;05/04/2026 10:58;06/04/2026 07:00;TRANSMISE
11423;250;GIFI ZONE 4                     ;05/04/2026 10:58;05/04/2026 10:58;06/04/2026 07:00;TRANSMISE
333726;035;HYPER HAYAT;05/04/2026 10:56;05/04/2026 10:56;05/04/2026 11:00;TRANSMISE
333725;035;HYPER HAYAT;05/04/2026 10:54;05/04/2026 10:54;05/04/2026 10:56;TRANSMISE
333723;035;HYPER HAYAT;05/04/2026 10:42;05/04/2026 10:42;05/04/2026 10:49;TRANSMISE
333722;035;HYPER HAYAT;05/04/2026 10:37;05/04/2026 10:37;05/04/2026 10:42;TRANSMISE
333721;035;HYPER HAYAT;05/04/2026 10:35;05/04/2026 10:35;05/04/2026 10:42;TRANSMISE
333720;035;HYPER HAYAT;05/04/2026 10:31;05/04/2026 10:31;05/04/2026 10:35;TRANSMISE
333719;035;HYPER HAYAT;05/04/2026 10:23;05/04/2026 10:23;05/04/2026 10:28;TRANSMISE
47723;306;SOCOCE YAKRO;05/04/2026 10:21;06/04/2026 06:57;06/04/2026 07:00;TRANSMISE
47721;306;SOCOCE YAKRO;05/04/2026 10:13;06/04/2026 06:58;06/04/2026 07:00;TRANSMISE
333718;035;HYPER HAYAT;05/04/2026 10:12;05/04/2026 10:12;05/04/2026 10:14;TRANSMISE
333717;035;HYPER HAYAT;05/04/2026 10:07;05/04/2026 10:07;05/04/2026 10:14;TRANSMISE
333716;035;HYPER HAYAT;05/04/2026 10:07;05/04/2026 10:07;05/04/2026 10:14;TRANSMISE
333715;035;HYPER HAYAT;05/04/2026 10:01;05/04/2026 10:01;05/04/2026 10:07;TRANSMISE
333714;035;HYPER HAYAT;05/04/2026 10:01;05/04/2026 10:01;05/04/2026 10:07;TRANSMISE
333713;035;HYPER HAYAT;05/04/2026 09:58;05/04/2026 09:59;05/04/2026 10:00;TRANSMISE
333712;035;HYPER HAYAT;05/04/2026 09:56;05/04/2026 09:56;05/04/2026 10:00;TRANSMISE
47719;306;SOCOCE YAKRO;05/04/2026 09:54;06/04/2026 06:58;06/04/2026 07:00;TRANSMISE
333711;035;HYPER HAYAT;05/04/2026 09:50;05/04/2026 09:51;05/04/2026 09:56;TRANSMISE
333709;035;HYPER HAYAT;05/04/2026 09:48;05/04/2026 09:48;05/04/2026 09:49;TRANSMISE
333708;035;HYPER HAYAT;05/04/2026 09:45;05/04/2026 09:45;05/04/2026 09:49;TRANSMISE
333707;035;HYPER HAYAT;05/04/2026 09:43;05/04/2026 09:43;05/04/2026 09:49;TRANSMISE
333706;035;HYPER HAYAT;05/04/2026 09:32;05/04/2026 09:32;05/04/2026 09:35;TRANSMISE
333705;035;HYPER HAYAT;05/04/2026 09:32;05/04/2026 09:32;05/04/2026 09:35;TRANSMISE
333704;035;HYPER HAYAT;05/04/2026 09:30;05/04/2026 09:31;05/04/2026 09:35;TRANSMISE
333703;035;HYPER HAYAT;05/04/2026 09:30;05/04/2026 09:30;05/04/2026 09:35;TRANSMISE
333702;035;HYPER HAYAT;05/04/2026 09:30;05/04/2026 09:30;05/04/2026 09:35;TRANSMISE
333701;035;HYPER HAYAT;05/04/2026 09:26;05/04/2026 09:26;05/04/2026 09:28;TRANSMISE
333700;035;HYPER HAYAT;05/04/2026 09:25;05/04/2026 09:25;05/04/2026 09:28;TRANSMISE
333699;035;HYPER HAYAT;05/04/2026 09:21;05/04/2026 09:22;05/04/2026 09:28;TRANSMISE
333698;035;HYPER HAYAT;05/04/2026 09:21;05/04/2026 09:22;05/04/2026 09:28;TRANSMISE
157897;290;CASINO MBIETRY;05/04/2026 09:18;05/04/2026 09:18;06/04/2026 07:00;TRANSMISE
157896;290;CASINO MBIETRY;05/04/2026 09:15;05/04/2026 09:15;06/04/2026 07:00;TRANSMISE
333697;035;HYPER HAYAT;05/04/2026 09:13;05/04/2026 09:14;05/04/2026 09:21;TRANSMISE
271603;100;CASINO II PLATEAUX               ;05/04/2026 08:58;05/04/2026 08:58;06/04/2026 07:00;TRANSMISE
10428;308;S2P SOCOCE ABOBO;05/04/2026 08:54;05/04/2026 08:54;06/04/2026 07:00;TRANSMISE
271602;100;CASINO II PLATEAUX               ;05/04/2026 08:53;05/04/2026 08:53;06/04/2026 07:00;TRANSMISE
333696;035;HYPER HAYAT;05/04/2026 08:53;05/04/2026 08:53;05/04/2026 08:56;TRANSMISE
271601;100;CASINO II PLATEAUX               ;05/04/2026 08:26;05/04/2026 08:26;06/04/2026 07:00;TRANSMISE
333694;035;HYPER HAYAT;05/04/2026 08:20;05/04/2026 08:20;05/04/2026 08:21;TRANSMISE
333693;035;HYPER HAYAT;05/04/2026 08:08;05/04/2026 08:08;05/04/2026 08:14;TRANSMISE
47714;306;SOCOCE YAKRO;05/04/2026 07:36;06/04/2026 06:59;06/04/2026 07:00;TRANSMISE
47713;306;SOCOCE YAKRO;05/04/2026 07:14;06/04/2026 07:00;06/04/2026 07:04;TRANSMISE
47712;306;SOCOCE YAKRO;05/04/2026 07:12;06/04/2026 07:01;06/04/2026 07:04;TRANSMISE
